{
  "timestamp": "20250620_212133",
  "ensemble_config": {
    "models": [
      "EfficientNet-B2-Advanced-92.54%",
      "Vision-Transformer-87.81%",
      "Swin-Transformer-87.06%",
      "EfficientNet-B5-Champion-85.57%",
      "EfficientNet-B4-Adapted-82.84%"
    ],
    "model_weights": [
      0.35,
      0.25,
      0.2,
      0.15,
      0.05
    ],
    "total_models": 5,
    "device": "cpu",
    "star_model": "EfficientNet-B2-Advanced-92.54%",
    "optimization": "performance-weighted + enhanced TTA"
  },
  "standard": {
    "accuracy": 0.9129353233830846,
    "precision": 0.7924528301886793,
    "recall": 0.865979381443299,
    "f1_score": 0.8275862068965517,
    "auc": 0.9646780463072503,
    "high_confidence_accuracy": 0.9408450704225352,
    "high_confidence_samples": 