{
  "ultra_standard": {
    "accuracy": 0.7587064676616916,
    "precision": 0.0,
    "recall": 0.0,
    "f1_score": 0.0,
    "auc": 0.5,
    "confusion_matrix": [
      [
        305,
        0
      ],
      [
        97,
        0
      ]
    ],
    "threshold": 0.5099999999999998
  },
  "ultra_tta": {
    "accuracy": 0.7587064676616916,
    "precision": 0.0,
    "recall": 0.0,
    "f1_score": 0.0,
    "auc": 0.5,
    "confusion_matrix": [
      [
        305,
        0
      ],
      [
        97,
        0
      ]
    ],
    "threshold": 0.5099999999999998,
    "high_confidence_accuracy": 0.7587064676616916,
    "high_confidence_samples": 402
  }
}