{
  "timestamp": "20250619_152747",
  "enhancement_techniques": [
    "Test-Time Augmentation",
    "Confidence-Weighted Ensemble",
    "Performance-Weighted Ensemble",
    "Calibrated Thresholds",
    "High-Confidence Filtering"
  ],
  "baseline_accuracy": 89.3,
  "enhanced_accuracy": 90.04975124378109,
  "improvement": 0.7497512437810911,
  "best_strategy": "Calibrated Threshold",
  "individual_results": {
    "InceptionV3": {
      "accuracy": 87.31343283582089,
      "auc": 91.24894372148049,
      "f1_score": 69.8224852071006
    },
    "ResNet50": {
      "accuracy": 83.08457711442786,
      "auc": 92.20550954875782,
      "f1_score": 70.94017094017094
    },
    "ViT": {
      "accuracy": 89.05472636815921,
      "auc": 94.58171370627007,
      "f1_score": 76.34408602150538
    }
  },
  "ensemble_results": {
    "Training Weighted": {
      "accuracy": 89.05472636815921,
      "auc": 94.92986310630387,
      "f1_score": 76.59574468085107
    },
    "Confidence Weighted": {
      "accuracy": 89.05472636815921,
      "auc": 94.92310292377894,
      "f1_score": 76.59574468085107
    },
    "Performance Weighted": {
      "accuracy": 89.30348258706468,
      "auc": 94.96704411019097,
      "f1_score": 77.00534759358288
    },
    "Calibrated Threshold": {
      "accuracy": 90.04975124378109,
      "auc": 94.92986310630387,
      "f1_score": 79.38144329896907,
      "threshold": 0.45536860906212967
    },
    "High Confidence": {
      "accuracy": 89.05472636815921,
      "auc": 94.92986310630387,
      "f1_score": 77.08333333333334
    }
  },
  "target_achieved_92": false,
  "target_achieved_95": false
}