{
  "timestamp": "20250620_150221",
  "test_dataset_size": 402,
  "individual_models": {
    "InceptionV3": {
      "accuracy": 0.24875621890547264,
      "precision": 0.24181360201511334,
      "recall": 0.9896907216494846,
      "f1_score": 0.38866396761133604,
      "auc": 0.2970086192327193
    },
    "ResNet50": {
      "accuracy": 0.7587064676616916,
      "precision": 0.0,
      "recall": 0.0,
      "f1_score": 0.0,
      "auc": 0.12763224607064388
    },
    "ViT": {
      "accuracy": 0.8781094527363185,
      "precision": 0.7790697674418605,
      "recall": 0.6907216494845361,
      "f1_score": 0.73224043715847,
      "auc": 0.9390907554503971
    },
    "EfficientNet-B2": {
      "accuracy": 0.9253731343283582,
      "precision": 0.8383838383838383,
      "recall": 0.8556701030927835,
      "f1_score": 0.8469387755102041,
      "auc": 0.9619401723846545
    },
    "ConvNeXt-Tiny": {
      "accuracy": 0.7587064676616916,
      "precision": 0.0,
      "recall": 0.0,
      "f1_score": 0.0,
      "auc": 0.9211086699340882
    },
    "Swin-Tiny": {
      "accuracy": 0.8706467661691543,
      "precision": 0.6890756302521008,
      "recall": 0.845360824742268,
      "f1_score": 0.7592592592592593,
      "auc": 0.9372317052560419
    },
    "DenseNet-121": {
      "accuracy": 0.8557213930348259,
      "precision": 0.8095238095238095,
      "recall": 0.5257731958762887,
      "f1_score": 0.6375,
      "auc": 0.9427412540138583
    },
    "RegNet-Y-8GF": {
      "accuracy": 0.8930348258706468,
      "precision": 0.7142857142857143,
      "recall": 0.9278350515463918,
      "f1_score": 0.8071748878923767,
      "auc": 0.9509886766942707
    }
  },
  "ensemble_weights": {
    "InceptionV3": 0.16939890710382516,
    "ResNet50": 0.16666666666666669,
    "ViT": 0.1639344262295082,
    "EfficientNet-B2": 0.11151079136690648,
    "ConvNeXt-Tiny": 0.0881294964028777,
    "Swin-Tiny": 0.09892086330935251,
    "DenseNet-121": 0.09172661870503596,
    "RegNet-Y-8GF": 0.10971223021582734
  },
  "ensemble_metrics": {
    "accuracy": 0.9104477611940298,
    "precision": 0.8279569892473119,
    "recall": 0.7938144329896907,
    "f1_score": 0.8105263157894737,
    "auc": 0.9618387696467805
  },
  "target_achieved": false
}