{
  "timestamp": "20250620_234231",
  "test_dataset_size": 402,
  "individual_models": {
    "InceptionV3": {
      "accuracy": 0.5796019900497512,
      "precision": 0.3392857142857143,
      "recall": 0.7835051546391752,
      "f1_score": 0.4735202492211838,
      "auc": 0.7166469494676355
    },
    "ResNet50": {
      "accuracy": 0.24129353233830847,
      "precision": 0.24129353233830847,
      "recall": 1.0,
      "f1_score": 0.38877755511022044,
      "auc": 0.916613148555011
    },
    "ViT": {
      "accuracy": 0.8781094527363185,
      "precision": 0.7790697674418605,
      "recall": 0.6907216494845361,
      "f1_score": 0.73224043715847,
      "auc": 0.9390907554503971
    },
    "EfficientNet-B2": {
      "accuracy": 0.9253731343283582,
      "precision": 0.8383838383838383,
      "recall": 0.8556701030927835,
      "f1_score": 0.8469387755102041,
      "auc": 0.9619401723846545
    },
    "ConvNeXt-Tiny": {
      "accuracy": 0.7587064676616916,
      "precision": 0.0,
      "recall": 0.0,
      "f1_score": 0.0,
      "auc": 0.9211086699340882
    },
    "Swin-Tiny": {
      "accuracy": 0.8706467661691543,
      "precision": 0.6890756302521008,
      "recall": 0.845360824742268,
      "f1_score": 0.7592592592592593,
      "auc": 0.9372317052560419
    },
    "DenseNet-121": {
      "accuracy": 0.753731343283582,
      "precision": 0.0,
      "recall": 0.0,
      "f1_score": 0.0,
      "auc": 0.10627006929187088
    },
    "RegNet-Y-8GF": {
      "accuracy": 0.8930348258706468,
      "precision": 0.7142857142857143,
      "recall": 0.9278350515463918,
      "f1_score": 0.8071748878923767,
      "auc": 0.9509886766942707
    }
  },
  "ensemble_weights": {
    "InceptionV3": 0.16939890710382516,
    "ResNet50": 0.16666666666666669,
    "ViT": 0.1639344262295082,
    "EfficientNet-B2": 0.11151079136690648,
    "ConvNeXt-Tiny": 0.0881294964028777,
    "Swin-Tiny": 0.09892086330935251,
    "DenseNet-121": 0.09172661870503596,
    "RegNet-Y-8GF": 0.10971223021582734
  },
  "ensemble_metrics": {
    "accuracy": 0.9154228855721394,
    "precision": 0.7889908256880734,
    "recall": 0.8865979381443299,
    "f1_score": 0.8349514563106796,
    "auc": 0.9631908061517661
  },
  "target_achieved": false
}